model_name,feature_subset_size,accuracy,precision,recall,f1_score,roc_auc
knn,20,0.175,0.15968720821661997,0.175,0.16540292689487102,0.40459999999999996
random_forest,20,0.17,0.17271659111823046,0.17,0.17009474992233614,0.3923166666666667
svm_rbf,20,0.155,0.15135816525699414,0.15499999999999997,0.15123048518034382,0.35686666666666667
mlp,20,0.21,0.2029514643391762,0.21000000000000002,0.20502530165285845,0.4402666666666667
xgboost,20,0.18,0.19204980306613634,0.18,0.1831021606182018,0.41036666666666666
